編號,tag類別,p_other,p_lick,p_scratch,p_walk,file
1,scratch,0.9995,0.0005,0.0000,0.0000,11.v282i.yolov8_train_scratch/train/24-2-_mp4-0000_jpg.rf.0d6917ca6cab9ed6b37b9be902617d6f.jpg
2,lick,0.9971,0.0015,0.0012,0.0002,11.v282i.yolov8_train_lick/train/The_video_duration_must_be_exa-15-_mp4-0002_jpg.rf.04f459a08d027c972c34808e44ba109c.jpg
3,lick,0.9967,0.0029,0.0004,0.0001,11.v282i.yolov8_train_lick/train/2_mp4-0001_jpg.rf.228f7a51fba4c906d37ece7b4fa6402f.jpg
4,lick,0.9960,0.0038,0.0001,0.0001,11.v282i.yolov8_train_lick/train/1-2-_mp4-0007_jpg.rf.703bf379239c1af976cd1a42e892e106.jpg
5,lick,0.9952,0.0031,0.0017,0.0000,11.v282i.yolov8_train_lick/train/6_mp4-0000_jpg.rf.42f0a343d22bbe53f421a9a5951eda9d.jpg
6,lick,0.9945,0.0042,0.0011,0.0002,11.v282i.yolov8_train_lick/train/22-1-_mp4-0000_jpg.rf.4a61e4a519ebc86a79bf0a89d4f6ce0a.jpg
7,scratch,0.9863,0.0021,0.0112,0.0004,11.v282i.yolov8_train_scratch/train/14_mp4-0014_jpg.rf.3d7dda4eab63950225da78a8206b3f4f.jpg
8,lick,0.9845,0.0079,0.0065,0.0011,11.v282i.yolov8_train_lick/train/5_mp4-0004_jpg.rf.7eb32533af7b5f3979d160d437a5a8c0.jpg
9,scratch,0.9792,0.0177,0.0022,0.0009,11.v282i.yolov8_train_scratch/train/e_d_be_mp__mp4-0024_jpg.rf.20aed48ac4aa7f90ad579304158dd6e3.jpg
10,lick,0.9764,0.0169,0.0065,0.0002,11.v282i.yolov8_train_lick/train/2_mp4-0000_jpg.rf.aa8655ecd24254538c249826ff3c3db1.jpg
11,lick,0.9747,0.0240,0.0013,0.0000,11.v282i.yolov8_train_lick/train/7_mp4-0000_jpg.rf.ab3eb53148603026996aaa3c96b6e0b4.jpg
12,scratch,0.9708,0.0270,0.0014,0.0008,11.v282i.yolov8_train_scratch/train/videomp__mp4-0000_jpg.rf.66839dde9d5cfdf4ec5926f4f1545648.jpg
13,scratch,0.9699,0.0150,0.0053,0.0098,11.v282i.yolov8_train_scratch/train/24-4-_mp4-0000_jpg.rf.e0b4e116183d0b407975b0712a4eb859.jpg
14,lick,0.9678,0.0220,0.0098,0.0003,11.v282i.yolov8_train_lick/train/5_mp4-0000_jpg.rf.09700e35898900a7b27368de3867169b.jpg
15,lick,0.9640,0.0355,0.0000,0.0005,11.v282i.yolov8_train_lick/train/1-2-_mp4-0009_jpg.rf.bf48008b6fa9592282a495c094617a27.jpg
16,scratch,0.9621,0.0366,0.0001,0.0012,11.v282i.yolov8_train_scratch/train/scratch275724_mp4-0000_jpg.rf.a3786ba08f0d9fde5c92ec59349fe383.jpg
17,lick,0.9515,0.0481,0.0002,0.0002,11.v282i.yolov8_train_lick/train/6_mp4-0001_jpg.rf.878fdc21704a7db21d63f4b54fbbaadd.jpg
18,lick,0.9469,0.0475,0.0039,0.0017,11.v282i.yolov8_train_lick/train/1_mp4-0000_jpg.rf.57bd15112b6f630f38ab19771242d75c.jpg
19,lick,0.9404,0.0594,0.0001,0.0001,11.v282i.yolov8_train_lick/train/The_video_duration_must_be_exa-11-_mp4-0009_jpg.rf.500eb1e5070349596519678cf688affb.jpg
20,lick,0.9316,0.0629,0.0002,0.0052,11.v282i.yolov8_train_lick/train/lick-6_png.rf.e4e1887827d9de08e8a046a5c0b70349.jpg
21,scratch,0.9316,0.0679,0.0002,0.0003,11.v282i.yolov8_train_scratch/train/13_mp4-0000_jpg.rf.15d71cd6dbe4e77125bc95686b999fac.jpg
22,lick,0.9204,0.0740,0.0005,0.0051,11.v282i.yolov8_train_lick/train/lick-8_png.rf.7ee5b0686b921c372978e1e1299baad5.jpg
23,lick,0.9197,0.0671,0.0005,0.0128,11.v282i.yolov8_train_lick/train/3_mp4-0003_jpg.rf.12ed5bc4c96eb50721d1adf091fdaa38.jpg
24,lick,0.9053,0.0941,0.0003,0.0003,11.v282i.yolov8_train_lick/train/1-2-_mp4-0000_jpg.rf.a55c719323f1c764daef2d341ce0d8f7.jpg
25,lick,0.9023,0.0944,0.0028,0.0005,11.v282i.yolov8_train_lick/train/1-7-_mp4-0000_jpg.rf.c3b8d34801865efdd1bc9845130acd39.jpg
26,lick,0.9000,0.0799,0.0175,0.0026,11.v282i.yolov8_train_lick/train/5_mp4-0000_jpg.rf.78b0c0f90608aad56998f682a87733a4.jpg
27,scratch,0.8790,0.0035,0.1174,0.0001,11.v282i.yolov8_train_scratch/valid/1_mp4-0000_jpg.rf.6adcf18315a2bb498380493920d9fce2.jpg
28,lick,0.8761,0.1226,0.0002,0.0012,11.v282i.yolov8_train_lick/train/lick-7_png.rf.90b4e6f28d1d27dc893a671d0c4824e0.jpg
29,scratch,0.8684,0.0003,0.1312,0.0000,11.v282i.yolov8_train_scratch/train/scratch11-1_png.rf.588b1180277169120876f34958bd8664.jpg
30,scratch,0.8372,0.0232,0.1318,0.0077,11.v282i.yolov8_train_scratch/train/scratch_63_mp4-0000_jpg.rf.aa2cae0e2cc127e0bfecf24f53d73a30.jpg
31,lick,0.8205,0.1730,0.0025,0.0040,11.v282i.yolov8_train_lick/train/lick-19_png.rf.910823e4d4e8d2c7fbbd8865f2164f7e.jpg
32,lick,0.8117,0.1879,0.0002,0.0002,11.v282i.yolov8_train_lick/train/1-174-_mp4-0008_jpg.rf.8fc6c7294553dc1e67809c4a77505e1c.jpg
33,lick,0.7934,0.0042,0.0006,0.2018,11.v282i.yolov8_train_lick/train/The_video_duration_must_be_exa-7-_mp4-0001_jpg.rf.36bc267563d2bd2f02898b1dfd7ebc1f.jpg
34,lick,0.7697,0.1801,0.0501,0.0001,11.v282i.yolov8_train_lick/train/1-12-_mp4-0006_jpg.rf.0c1002833b1158861d4f36b6147eeac5.jpg
35,scratch,0.7623,0.0236,0.1595,0.0546,11.v282i.yolov8_train_scratch/train/24-3-_mp4-0000_jpg.rf.f27f220c8089c079fc496eede79f020e.jpg
36,lick,0.7598,0.1805,0.0014,0.0583,11.v282i.yolov8_train_lick/train/13_mp4-0001_jpg.rf.820f206fd7a0867d72e12882ab7e486d.jpg
37,lick,0.7198,0.2355,0.0007,0.0441,11.v282i.yolov8_train_lick/train/lick-5_png.rf.b01d8f4acf16db1024e36d05cd83b5b9.jpg
38,scratch,0.7011,0.2864,0.0011,0.0113,11.v282i.yolov8_train_scratch/train/scratch275724_mp4-0011_jpg.rf.83e5f471eb8087a9da5c2bb8cc22c591.jpg
39,lick,0.6934,0.2839,0.0035,0.0192,11.v282i.yolov8_train_lick/train/12_mp4-0010_jpg.rf.c5e187d8e175c79bf1745e944ed98117.jpg
40,lick,0.6833,0.3153,0.0004,0.0009,11.v282i.yolov8_train_lick/train/The_video_duration_must_be_exa-13-_mp4-0028_jpg.rf.61bb9e2d83e9602b7f5ee8261b4ed97a.jpg
41,lick,0.6596,0.3387,0.0007,0.0010,11.v282i.yolov8_train_lick/train/4_mp4-0000_jpg.rf.b61fdc42c2c2f162957bcace6aedf956.jpg
42,lick,0.6580,0.3412,0.0008,0.0000,11.v282i.yolov8_train_lick/train/6_mp4-0008_jpg.rf.20e1c71348cdacd3d3890eaafbd016f7.jpg
43,lick,0.6501,0.3490,0.0003,0.0005,11.v282i.yolov8_train_lick/train/lick12-4_png.rf.4dfeb2d923a76f8364a228674a73d49a.jpg
44,lick,0.6438,0.2830,0.0716,0.0016,11.v282i.yolov8_train_lick/train/3_mp4-0001_jpg.rf.ee1c4a7485375bc0e64764a3670b2deb.jpg
45,lick,0.6413,0.2710,0.0427,0.0450,11.v282i.yolov8_train_lick/train/lick-4_png.rf.cbbfe941fffbd948f0fc98c08acac6d5.jpg
46,scratch,0.6313,0.1812,0.1802,0.0073,11.v282i.yolov8_train_scratch/valid/10-10-_mp4-0001_jpg.rf.3edb2fa2763e1d41e241acabd98b50bf.jpg
47,lick,0.6111,0.1105,0.2665,0.0119,11.v282i.yolov8_train_lick/train/6_mp4-0000_jpg.rf.63655a34fb98951f8e1a59443ecea384.jpg
48,scratch,0.6021,0.0768,0.1377,0.1834,11.v282i.yolov8_train_scratch/valid/10-1-_mp4-0000_jpg.rf.f6a22fb62b772ad3707ed22f9e2aa96b.jpg
49,lick,0.5867,0.4132,0.0001,0.0000,11.v282i.yolov8_train_lick/train/lick12-1_png.rf.4dac9ab920ac993f792e60aae58ae8fb.jpg
50,lick,0.5567,0.4425,0.0001,0.0007,11.v282i.yolov8_train_lick/train/1-174-_mp4-0012_jpg.rf.6087d2b55222ad78d90ede5e8c6aefcc.jpg
51,lick,0.5448,0.4543,0.0005,0.0003,11.v282i.yolov8_train_lick/train/9_mp4-0018_jpg.rf.f1ecd3225e6eb37dd6f5de22b71937b7.jpg
52,scratch,0.5414,0.0102,0.4481,0.0003,11.v282i.yolov8_train_scratch/train/2_mp4-0001_jpg.rf.3503440b6e5f95240586f5e34c978e45.jpg
