video,choice,skeleton_json,time
stop500.mp4,other,C:\ai_project\paper\skeletons\train\stop\stop500.json,2026-09-29 01:45:20
stop502.mp4,other,C:\ai_project\paper\skeletons\train\stop\stop502.json,2026-09-29 01:45:22
stop503.mp4,not_other,C:\ai_project\paper\skeletons\train\stop\stop503.json,2026-09-29 01:45:24
stop504.mp4,not_other,C:\ai_project\paper\skeletons\train\stop\stop504.json,2026-09-29 01:45:24
stop506.mp4,not_other,C:\ai_project\paper\skeletons\train\stop\stop506.json,2026-09-29 01:45:26
stop507.mp4,not_other,C:\ai_project\paper\skeletons\train\stop\stop507.json,2026-09-29 01:45:26
stop508.mp4,not_other,C:\ai_project\paper\skeletons\train\stop\stop508.json,2026-09-29 01:45:27
stop509.mp4,not_other,C:\ai_project\paper\skeletons\train\stop\stop509.json,2026-09-29 01:45:28
stop514.mp4,not_other,C:\ai_project\paper\skeletons\train\stop\stop514.json,2026-09-29 01:45:28
stop515.mp4,other,C:\ai_project\paper\skeletons\train\stop\stop515.json,2026-09-29 01:45:30
stop516.mp4,other,C:\ai_project\paper\skeletons\train\stop\stop516.json,2026-09-29 01:45:31
stop521.mp4,not_other,C:\ai_project\paper\skeletons\train\stop\stop521.json,2026-09-29 01:45:32
stop522.mp4,other,C:\ai_project\paper\skeletons\train\stop\stop522.json,2026-09-29 01:45:33
stop523.mp4,other,C:\ai_project\paper\skeletons\train\stop\stop523.json,2026-09-29 01:46:03
stop526.mp4,not_other,C:\ai_project\paper\skeletons\train\stop\stop526.json,2026-09-29 01:46:04
stop527.mp4,other,C:\ai_project\paper\skeletons\train\stop\stop527.json,2026-09-29 01:46:05
stop528.mp4,not_other,C:\ai_project\paper\skeletons\train\stop\stop528.json,2026-09-29 01:46:06
stop529.mp4,not_other,C:\ai_project\paper\skeletons\train\stop\stop529.json,2026-09-29 01:46:07
stop530.mp4,not_other,C:\ai_project\paper\skeletons\train\stop\stop530.json,2026-09-29 01:46:07
stop531.mp4,other,C:\ai_project\paper\skeletons\train\stop\stop531.json,2026-09-29 01:46:08
stop532.mp4,not_other,C:\ai_project\paper\skeletons\train\stop\stop532.json,2026-09-29 01:46:09
stop533.mp4,not_other,C:\ai_project\paper\skeletons\train\stop\stop533.json,2026-09-29 01:46:11
stop535.mp4,other,C:\ai_project\paper\skeletons\train\stop\stop535.json,2026-09-29 01:46:12
stop537.mp4,not_other,C:\ai_project\paper\skeletons\train\stop\stop537.json,2026-09-29 01:46:13
stop542.mp4,not_other,C:\ai_project\paper\skeletons\train\stop\stop542.json,2026-09-29 01:46:14
stop543.mp4,other,C:\ai_project\paper\skeletons\train\stop\stop543.json,2026-09-29 01:46:15
stop_101.mp4,other,C:\ai_project\paper\skeletons\train\stop\stop_101.json,2026-09-29 01:46:15
stop_103.mp4,other,C:\ai_project\paper\skeletons\train\stop\stop_103.json,2026-09-29 01:46:16
stop_104.mp4,other,C:\ai_project\paper\skeletons\train\stop\stop_104.json,2026-09-29 01:46:16
stop_106.mp4,other,C:\ai_project\paper\skeletons\train\stop\stop_106.json,2026-09-29 01:46:17
stop_107.mp4,other,C:\ai_project\paper\skeletons\train\stop\stop_107.json,2026-09-29 01:46:17
stop_109.mp4,other,C:\ai_project\paper\skeletons\train\stop\stop_109.json,2026-09-29 01:46:18
stop_112.mp4,other,C:\ai_project\paper\skeletons\train\stop\stop_112.json,2026-09-29 01:46:19
stop_113.mp4,other,C:\ai_project\paper\skeletons\train\stop\stop_113.json,2026-09-29 01:46:19
stop_114.mp4,other,C:\ai_project\paper\skeletons\train\stop\stop_114.json,2026-09-29 01:46:20
stop_115.mp4,other,C:\ai_project\paper\skeletons\train\stop\stop_115.json,2026-09-29 01:46:20
stop_116.mp4,other,C:\ai_project\paper\skeletons\train\stop\stop_116.json,2026-09-29 01:46:21
stop_119.mp4,other,C:\ai_project\paper\skeletons\train\stop\stop_119.json,2026-09-29 01:46:21
stop_120.mp4,other,C:\ai_project\paper\skeletons\train\stop\stop_120.json,2026-09-29 01:46:22
stop_122.mp4,other,C:\ai_project\paper\skeletons\train\stop\stop_122.json,2026-09-29 01:46:22
stop_123.mp4,other,C:\ai_project\paper\skeletons\train\stop\stop_123.json,2026-09-29 01:46:23
stop_125.mp4,other,C:\ai_project\paper\skeletons\train\stop\stop_125.json,2026-09-29 01:46:23
stop_126.mp4,other,C:\ai_project\paper\skeletons\train\stop\stop_126.json,2026-09-29 01:46:24
stop_130.mp4,other,C:\ai_project\paper\skeletons\train\stop\stop_130.json,2026-09-29 01:46:24
stop_131.mp4,other,C:\ai_project\paper\skeletons\train\stop\stop_131.json,2026-09-29 01:46:24
stop_132.mp4,other,C:\ai_project\paper\skeletons\train\stop\stop_132.json,2026-09-29 01:46:25
stop_133.mp4,other,C:\ai_project\paper\skeletons\train\stop\stop_133.json,2026-09-29 01:46:26
stop_134.mp4,other,C:\ai_project\paper\skeletons\train\stop\stop_134.json,2026-09-29 01:46:26
stop_135.mp4,other,C:\ai_project\paper\skeletons\train\stop\stop_135.json,2026-09-29 01:46:27
stop_140.mp4,other,C:\ai_project\paper\skeletons\train\stop\stop_140.json,2026-09-29 01:46:27
stop_141.mp4,other,C:\ai_project\paper\skeletons\train\stop\stop_141.json,2026-09-29 01:46:28
stop_142.mp4,other,C:\ai_project\paper\skeletons\train\stop\stop_142.json,2026-09-29 01:46:28
stop_144.mp4,other,C:\ai_project\paper\skeletons\train\stop\stop_144.json,2026-09-29 01:46:29
stop_146.mp4,other,C:\ai_project\paper\skeletons\train\stop\stop_146.json,2026-09-29 01:46:29
stop_147.mp4,other,C:\ai_project\paper\skeletons\train\stop\stop_147.json,2026-09-29 01:46:30
stop_148.mp4,other,C:\ai_project\paper\skeletons\train\stop\stop_148.json,2026-09-29 01:46:30
stop_149.mp4,other,C:\ai_project\paper\skeletons\train\stop\stop_149.json,2026-09-29 01:46:31
stop_150.mp4,other,C:\ai_project\paper\skeletons\train\stop\stop_150.json,2026-09-29 01:46:32
stop_152.mp4,other,C:\ai_project\paper\skeletons\train\stop\stop_152.json,2026-09-29 01:46:32
stop_154.mp4,other,C:\ai_project\paper\skeletons\train\stop\stop_154.json,2026-09-29 01:46:33
stop_155.mp4,other,C:\ai_project\paper\skeletons\train\stop\stop_155.json,2026-09-29 01:46:34
stop_156.mp4,other,C:\ai_project\paper\skeletons\train\stop\stop_156.json,2026-09-29 01:46:34
stop_157.mp4,other,C:\ai_project\paper\skeletons\train\stop\stop_157.json,2026-09-29 01:46:35
stop_158.mp4,other,C:\ai_project\paper\skeletons\train\stop\stop_158.json,2026-09-29 01:46:35
stop_160.mp4,other,C:\ai_project\paper\skeletons\train\stop\stop_160.json,2026-09-29 01:46:35
stop_161.mp4,other,C:\ai_project\paper\skeletons\train\stop\stop_161.json,2026-09-29 01:46:36
stop_162.mp4,other,C:\ai_project\paper\skeletons\train\stop\stop_162.json,2026-09-29 01:46:36
stop_164.mp4,other,C:\ai_project\paper\skeletons\train\stop\stop_164.json,2026-09-29 01:46:36
stop_165.mp4,other,C:\ai_project\paper\skeletons\train\stop\stop_165.json,2026-09-29 01:46:37
stop_166.mp4,other,C:\ai_project\paper\skeletons\train\stop\stop_166.json,2026-09-29 01:46:38
stop_167.mp4,other,C:\ai_project\paper\skeletons\train\stop\stop_167.json,2026-09-29 01:46:38
stop_168.mp4,other,C:\ai_project\paper\skeletons\train\stop\stop_168.json,2026-09-29 01:46:39
stop_169.mp4,other,C:\ai_project\paper\skeletons\train\stop\stop_169.json,2026-09-29 01:46:39
stop_171.mp4,other,C:\ai_project\paper\skeletons\train\stop\stop_171.json,2026-09-29 01:46:40
stop_172.mp4,other,C:\ai_project\paper\skeletons\train\stop\stop_172.json,2026-09-29 01:46:40
stop_173.mp4,other,C:\ai_project\paper\skeletons\train\stop\stop_173.json,2026-09-29 01:46:41
stop_19.mp4,other,C:\ai_project\paper\skeletons\train\stop\stop_19.json,2026-09-29 01:46:41
stop_25.mp4,other,C:\ai_project\paper\skeletons\train\stop\stop_25.json,2026-09-29 01:46:42
stop_26.mp4,other,C:\ai_project\paper\skeletons\train\stop\stop_26.json,2026-09-29 01:46:42
stop_28.mp4,other,C:\ai_project\paper\skeletons\train\stop\stop_28.json,2026-09-29 01:46:42
stop_29.mp4,other,C:\ai_project\paper\skeletons\train\stop\stop_29.json,2026-09-29 01:46:43
stop_32.mp4,other,C:\ai_project\paper\skeletons\train\stop\stop_32.json,2026-09-29 01:46:43
stop_33.mp4,other,C:\ai_project\paper\skeletons\train\stop\stop_33.json,2026-09-29 01:46:43
stop_35.mp4,other,C:\ai_project\paper\skeletons\train\stop\stop_35.json,2026-09-29 01:46:43
stop_36.mp4,other,C:\ai_project\paper\skeletons\train\stop\stop_36.json,2026-09-29 01:46:43
stop_38.mp4,other,C:\ai_project\paper\skeletons\train\stop\stop_38.json,2026-09-29 01:46:44
stop_42.mp4,other,C:\ai_project\paper\skeletons\train\stop\stop_42.json,2026-09-29 01:46:44
stop_44.mp4,other,C:\ai_project\paper\skeletons\train\stop\stop_44.json,2026-09-29 01:46:44
stop_46.mp4,other,C:\ai_project\paper\skeletons\train\stop\stop_46.json,2026-09-29 01:46:44
stop_47.mp4,other,C:\ai_project\paper\skeletons\train\stop\stop_47.json,2026-09-29 01:46:45
stop_48.mp4,other,C:\ai_project\paper\skeletons\train\stop\stop_48.json,2026-09-29 01:46:45
stop_49.mp4,other,C:\ai_project\paper\skeletons\train\stop\stop_49.json,2026-09-29 01:46:45
stop_51.mp4,other,C:\ai_project\paper\skeletons\train\stop\stop_51.json,2026-09-29 01:46:45
stop_52.mp4,other,C:\ai_project\paper\skeletons\train\stop\stop_52.json,2026-09-29 01:46:45
stop_54.mp4,other,C:\ai_project\paper\skeletons\train\stop\stop_54.json,2026-09-29 01:46:45
stop_55.mp4,other,C:\ai_project\paper\skeletons\train\stop\stop_55.json,2026-09-29 01:46:46
stop_56.mp4,not_other,C:\ai_project\paper\skeletons\train\stop\stop_56.json,2026-09-29 01:46:56
stop_57.mp4,other,C:\ai_project\paper\skeletons\train\stop\stop_57.json,2026-09-29 01:46:57
stop_68.mp4,not_other,C:\ai_project\paper\skeletons\train\stop\stop_68.json,2026-09-29 01:46:58
stop_78.mp4,other,C:\ai_project\paper\skeletons\train\stop\stop_78.json,2026-09-29 01:46:59
stop_79.mp4,other,C:\ai_project\paper\skeletons\train\stop\stop_79.json,2026-09-29 01:47:00
stop_80.mp4,other,C:\ai_project\paper\skeletons\train\stop\stop_80.json,2026-09-29 01:47:00
stop_85.mp4,other,C:\ai_project\paper\skeletons\train\stop\stop_85.json,2026-09-29 01:47:01
stop_87.mp4,other,C:\ai_project\paper\skeletons\train\stop\stop_87.json,2026-09-29 01:47:01
stop_89.mp4,other,C:\ai_project\paper\skeletons\train\stop\stop_89.json,2026-09-29 01:47:02
stop_90.mp4,other,C:\ai_project\paper\skeletons\train\stop\stop_90.json,2026-09-29 01:47:02
stop_93.mp4,other,C:\ai_project\paper\skeletons\train\stop\stop_93.json,2026-09-29 01:47:03
stop_94.mp4,other,C:\ai_project\paper\skeletons\train\stop\stop_94.json,2026-09-29 01:47:03
stop_95.mp4,other,C:\ai_project\paper\skeletons\train\stop\stop_95.json,2026-09-29 01:47:03
stop_99.mp4,other,C:\ai_project\paper\skeletons\train\stop\stop_99.json,2026-09-29 01:47:04
