video_idx,video_path,playback_pass,frame_step,source_fps,model_input_fps,frame,processed_frame,processed_frame_global,time_sec,left_ear_x,left_ear_y,right_ear_x,right_ear_y,distance_px,distance_norm,ray_end_x,ray_end_y,ray_norm_x,ray_norm_y,lick_zone,lick_axis_score,lick_lateral_score,nearest_target_label,nearest_target_t,limb_hit_any,limb_hit_labels,limb_hit_fl_frame,limb_hit_fr_frame,limb_hit_hl_frame,limb_hit_hr_frame,limb_entry_count_fl,limb_entry_count_fr,limb_entry_count_hl,limb_entry_count_hr,target_entry_count,tail_entry_count,lick_time_body_sec,lick_time_fl_sec,lick_time_fr_sec,lick_time_hl_sec,lick_time_hr_sec,lick_time_tail_sec,lick_sec_per_hit_body,lick_sec_per_hit_fl,lick_sec_per_hit_fr,lick_sec_per_hit_hl,lick_sec_per_hit_hr,lick_sec_per_hit_tail,lick_pref_pct_body,lick_pref_pct_fl,lick_pref_pct_fr,lick_pref_pct_hl,lick_pref_pct_hr,lick_pref_pct_tail,nose_detected,gaze_forward_norm,gaze_lateral_norm,gaze_angle_deg,face_state_cat,face_state_raw,face_state,state_stability,valid
1,C:\Users\homec\OneDrive\圖片\貓咪圖像資料集\1_貓咪姿勢影片分類\未被選擇的模型影片\lick\lick_104.mp4,0,1,24.0,24.0,1,1,1,0.041667,864.0,260.0,887.0,250.25,24.981243,0.04443923,1228.3068,1082.4715,0.960365,1.0,NO_TARGET,,,NO_TARGET,,0,,0,0,0,0,0,0,0,0,0,0,0.0,0.0,0.0,0.0,0.0,0.0,,,,,,,,,,,,,1,0.7648,0.0397,2.97,FACING_CAMERA,FACING_CAMERA,FACING_CAMERA,1.0,1
1,C:\Users\homec\OneDrive\圖片\貓咪圖像資料集\1_貓咪姿勢影片分類\未被選擇的模型影片\lick\lick_104.mp4,0,1,24.0,24.0,2,2,2,0.083333,849.0,255.25,884.5,248.5,36.136028,0.06419224,1277.3693,1053.5257,0.998725,1.0,NO_TARGET,,,NO_TARGET,,0,,0,0,0,0,0,0,0,0,0,0,0.0,0.0,0.0,0.0,0.0,0.0,,,,,,,,,,,,,1,0.7638,0.0501,3.75,FACING_CAMERA,FACING_CAMERA,FACING_CAMERA,1.0,1
1,C:\Users\homec\OneDrive\圖片\貓咪圖像資料集\1_貓咪姿勢影片分類\未被選擇的模型影片\lick\lick_104.mp4,0,1,24.0,24.0,3,3,3,0.125,862.0,256.0,883.5,245.0,24.150569,0.04295896,1266.5403,1059.2035,0.990258,1.0,NO_TARGET,,,NO_TARGET,,0,,0,0,0,0,0,0,0,0,0,0,0.0,0.0,0.0,0.0,0.0,0.0,,,,,,,,,,,,,1,0.7667,0.0628,4.68,FRONT_RIGHT,FRONT_RIGHT,FACING_CAMERA,0.6667,1
1,C:\Users\homec\OneDrive\圖片\貓咪圖像資料集\1_貓咪姿勢影片分類\未被選擇的模型影片\lick\lick_104.mp4,0,1,24.0,24.0,4,4,4,0.166667,872.0,257.5,879.5,245.0,14.57738,0.02602756,1255.0395,1063.1429,0.981266,1.0,NO_TARGET,,,NO_TARGET,,0,,0,0,0,0,0,0,0,0,0,0,0.0,0.0,0.0,0.0,0.0,0.0,,,,,,,,,,,,,1,0.773,0.0636,4.7,FRONT_RIGHT,FRONT_RIGHT,FACING_CAMERA,0.5,1
1,C:\Users\homec\OneDrive\圖片\貓咪圖像資料集\1_貓咪姿勢影片分類\未被選擇的模型影片\lick\lick_104.mp4,0,1,24.0,24.0,5,5,5,0.208333,865.0,253.0,876.0,244.25,14.055693,0.02506262,1275.0371,1049.579,0.996902,1.0,NO_TARGET,,,NO_TARGET,,0,,0,0,0,0,0,0,0,0,0,0,0.0,0.0,0.0,0.0,0.0,0.0,,,,,,,,,,,,,1,0.7726,0.0648,4.79,FRONT_RIGHT,FRONT_RIGHT,FRONT_RIGHT,0.6,1
1,C:\Users\homec\OneDrive\圖片\貓咪圖像資料集\1_貓咪姿勢影片分類\未被選擇的模型影片\lick\lick_104.mp4,0,1,24.0,24.0,6,6,6,0.25,870.0,255.0,875.0,244.75,11.404495,0.02038324,1265.4448,1054.2301,0.989402,1.0,NO_TARGET,,,NO_TARGET,,0,,0,0,0,0,0,0,0,0,0,0,0.0,0.0,0.0,0.0,0.0,0.0,,,,,,,,,,,,,1,0.776,0.0633,4.66,FRONT_RIGHT,FRONT_RIGHT,FRONT_RIGHT,0.6667,1
1,C:\Users\homec\OneDrive\圖片\貓咪圖像資料集\1_貓咪姿勢影片分類\未被選擇的模型影片\lick\lick_104.mp4,0,1,24.0,24.0,7,7,7,0.291667,875.0,256.25,875.0,245.5,10.75,0.01922572,1255.2231,1060.6913,0.98141,1.0,NO_TARGET,,,NO_TARGET,,0,,0,0,0,0,0,0,0,0,0,0,0.0,0.0,0.0,0.0,0.0,0.0,,,,,,,,,,,,,1,0.7782,0.0596,4.38,FACING_CAMERA,FACING_CAMERA,FRONT_RIGHT,0.5714,1
1,C:\Users\homec\OneDrive\圖片\貓咪圖像資料集\1_貓咪姿勢影片分類\未被選擇的模型影片\lick\lick_104.mp4,0,1,24.0,24.0,8,8,8,0.333333,878.0,258.5,878.0,245.75,12.75,0.02282076,1244.6192,1067.4092,0.973119,1.0,NO_TARGET,,,NO_TARGET,,0,,0,0,0,0,0,0,0,0,0,0,0.0,0.0,0.0,0.0,0.0,0.0,,,,,,,,,,,,,1,0.7812,0.0575,4.21,FACING_CAMERA,FACING_CAMERA,FACING_CAMERA,0.5,1
1,C:\Users\homec\OneDrive\圖片\貓咪圖像資料集\1_貓咪姿勢影片分類\未被選擇的模型影片\lick\lick_104.mp4,0,1,24.0,24.0,9,9,9,0.375,879.0,259.5,881.0,245.5,14.142136,0.02530039,1239.3996,1071.4597,0.969038,1.0,NO_TARGET,,,NO_TARGET,,0,,0,0,0,0,0,0,0,0,0,0,0.0,0.0,0.0,0.0,0.0,0.0,,,,,,,,,,,,,1,0.7829,0.056,4.09,FACING_CAMERA,FACING_CAMERA,FACING_CAMERA,0.5556,1
1,C:\Users\homec\OneDrive\圖片\貓咪圖像資料集\1_貓咪姿勢影片分類\未被選擇的模型影片\lick\lick_104.mp4,0,1,24.0,24.0,10,10,10,0.416667,879.0,260.25,881.0,246.0,14.389666,0.02574405,1238.5766,1072.4138,0.968395,1.0,NO_TARGET,,,NO_TARGET,,0,,0,0,0,0,0,0,0,0,0,0,0.0,0.0,0.0,0.0,0.0,0.0,,,,,,,,,,,,,1,0.7831,0.0536,3.92,FACING_CAMERA,FACING_CAMERA,FACING_CAMERA,0.6,1
1,C:\Users\homec\OneDrive\圖片\貓咪圖像資料集\1_貓咪姿勢影片分類\未被選擇的模型影片\lick\lick_104.mp4,0,1,24.0,24.0,11,11,11,0.458333,880.0,261.75,883.0,245.5,16.524603,0.02958807,1233.1063,1081.6727,0.964118,1.0,NO_TARGET,,,NO_TARGET,,0,,0,0,0,0,0,0,0,0,0,0,0.0,0.0,0.0,0.0,0.0,0.0,,,,,,,,,,,,,1,0.7853,0.0514,3.74,FACING_CAMERA,FACING_CAMERA,FACING_CAMERA,0.6364,1
1,C:\Users\homec\OneDrive\圖片\貓咪圖像資料集\1_貓咪姿勢影片分類\未被選擇的模型影片\lick\lick_104.mp4,0,1,24.0,24.0,12,12,12,0.5,879.5,261.75,882.0,246.0,15.947178,0.02854049,1234.9856,1080.6696,0.965587,1.0,NO_TARGET,,,NO_TARGET,,0,,0,0,0,0,0,0,0,0,0,0,0.0,0.0,0.0,0.0,0.0,0.0,,,,,,,,,,,,,1,0.7852,0.0506,3.69,FACING_CAMERA,FACING_CAMERA,FACING_CAMERA,0.6667,1
1,C:\Users\homec\OneDrive\圖片\貓咪圖像資料集\1_貓咪姿勢影片分類\未被選擇的模型影片\lick\lick_104.mp4,0,1,24.0,24.0,13,13,13,0.541667,880.0,260.75,882.0,246.0,14.884976,0.02663948,1225.3469,1084.3309,0.958051,1.0,NO_TARGET,,,NO_TARGET,,0,,0,0,0,0,0,0,0,0,0,0,0.0,0.0,0.0,0.0,0.0,0.0,,,,,,,,,,,,,1,0.7836,0.0473,3.46,FACING_CAMERA,FACING_CAMERA,FACING_CAMERA,0.6923,1
1,C:\Users\homec\OneDrive\圖片\貓咪圖像資料集\1_貓咪姿勢影片分類\未被選擇的模型影片\lick\lick_104.mp4,0,1,24.0,24.0,14,14,14,0.583333,880.0,260.75,882.0,246.0,14.884976,0.0266276,1223.8031,1084.9631,0.956844,1.0,NO_TARGET,,,NO_TARGET,,0,,0,0,0,0,0,0,0,0,0,0,0.0,0.0,0.0,0.0,0.0,0.0,,,,,,,,,,,,,1,0.7837,0.0451,3.29,FACING_CAMERA,FACING_CAMERA,FACING_CAMERA,0.7143,1
1,C:\Users\homec\OneDrive\圖片\貓咪圖像資料集\1_貓咪姿勢影片分類\未被選擇的模型影片\lick\lick_104.mp4,0,1,24.0,24.0,15,15,15,0.625,883.5,263.0,883.0,246.25,16.757461,0.03003085,1217.3041,1089.7602,0.951762,1.0,NO_TARGET,,,NO_TARGET,,0,,0,0,0,0,0,0,0,0,0,0,0.0,0.0,0.0,0.0,0.0,0.0,,,,,,,,,,,,,1,0.7862,0.0426,3.11,FACING_CAMERA,FACING_CAMERA,FACING_CAMERA,0.7333,1
1,C:\Users\homec\OneDrive\圖片\貓咪圖像資料集\1_貓咪姿勢影片分類\未被選擇的模型影片\lick\lick_104.mp4,0,1,24.0,24.0,16,16,16,0.666667,886.0,262.5,885.0,246.25,16.28074,0.02917748,1205.4581,1095.0058,0.942501,1.0,NO_TARGET,,,NO_TARGET,,0,,0,0,0,0,0,0,0,0,0,0,0.0,0.0,0.0,0.0,0.0,0.0,,,,,,,,,,,,,1,0.7863,0.0412,3.0,FACING_CAMERA,FACING_CAMERA,FACING_CAMERA,0.75,1
1,C:\Users\homec\OneDrive\圖片\貓咪圖像資料集\1_貓咪姿勢影片分類\未被選擇的模型影片\lick\lick_104.mp4,0,1,24.0,24.0,17,17,17,0.708333,886.0,262.0,885.0,246.0,16.03122,0.0287303,1204.2295,1095.0916,0.94154,1.0,NO_TARGET,,,NO_TARGET,,0,,0,0,0,0,0,0,0,0,0,0,0.0,0.0,0.0,0.0,0.0,0.0,,,,,,,,,,,,,1,0.7855,0.0398,2.9,FACING_CAMERA,FACING_CAMERA,FACING_CAMERA,0.7647,1
1,C:\Users\homec\OneDrive\圖片\貓咪圖像資料集\1_貓咪姿勢影片分類\未被選擇的模型影片\lick\lick_104.mp4,0,1,24.0,24.0,18,18,18,0.75,888.5,263.75,885.0,245.5,18.582586,0.03328785,1195.1977,1099.5356,0.934478,1.0,NO_TARGET,,,NO_TARGET,,0,,0,0,0,0,0,0,0,0,0,0,0.0,0.0,0.0,0.0,0.0,0.0,,,,,,,,,,,,,1,0.7847,0.0361,2.63,FACING_CAMERA,FACING_CAMERA,FACING_CAMERA,0.7778,1
1,C:\Users\homec\OneDrive\圖片\貓咪圖像資料集\1_貓咪姿勢影片分類\未被選擇的模型影片\lick\lick_104.mp4,0,1,24.0,24.0,19,19,19,0.791667,891.5,265.25,885.0,246.0,20.317788,0.03645207,1189.7784,1103.0238,0.930241,1.0,NO_TARGET,,,NO_TARGET,,0,,0,0,0,0,0,0,0,0,0,0,0.0,0.0,0.0,0.0,0.0,0.0,,,,,,,,,,,,,1,0.7873,0.032,2.33,FACING_CAMERA,FACING_CAMERA,FACING_CAMERA,0.7895,1
1,C:\Users\homec\OneDrive\圖片\貓咪圖像資料集\1_貓咪姿勢影片分類\未被選擇的模型影片\lick\lick_104.mp4,0,1,24.0,24.0,20,20,20,0.833333,891.5,265.5,885.0,246.25,20.317788,0.03645207,1187.1354,1104.2039,0.928175,1.0,NO_TARGET,,,NO_TARGET,,0,,0,0,0,0,0,0,0,0,0,0,0.0,0.0,0.0,0.0,0.0,0.0,,,,,,,,,,,,,1,0.7856,0.0314,2.29,FACING_CAMERA,FACING_CAMERA,FACING_CAMERA,0.8,1
1,C:\Users\homec\OneDrive\圖片\貓咪圖像資料集\1_貓咪姿勢影片分類\未被選擇的模型影片\lick\lick_104.mp4,0,1,24.0,24.0,21,21,21,0.875,892.0,265.5,885.0,246.25,20.483225,0.0367336,1185.1334,1104.9882,0.926609,1.0,NO_TARGET,,,NO_TARGET,,0,,0,0,0,0,0,0,0,0,0,0,0.0,0.0,0.0,0.0,0.0,0.0,,,,,,,,,,,,,1,0.7855,0.0299,2.18,FACING_CAMERA,FACING_CAMERA,FACING_CAMERA,0.8095,1
1,C:\Users\homec\OneDrive\圖片\貓咪圖像資料集\1_貓咪姿勢影片分類\未被選擇的模型影片\lick\lick_104.mp4,0,1,24.0,24.0,22,22,22,0.916667,892.0,266.75,885.0,246.25,21.662179,0.03889761,1183.1732,1106.2898,0.925077,1.0,NO_TARGET,,,NO_TARGET,,0,,0,0,0,0,0,0,0,0,0,0,0.0,0.0,0.0,0.0,0.0,0.0,,,,,,,,,,,,,1,0.7859,0.0302,2.2,FACING_CAMERA,FACING_CAMERA,FACING_CAMERA,0.8182,1
1,C:\Users\homec\OneDrive\圖片\貓咪圖像資料集\1_貓咪姿勢影片分類\未被選擇的模型影片\lick\lick_104.mp4,0,1,24.0,24.0,23,23,23,0.958333,892.5,267.25,885.0,246.0,22.534695,0.04042684,1181.7953,1106.7539,0.923999,1.0,NO_TARGET,,,NO_TARGET,,0,,0,0,0,0,0,0,0,0,0,0,0.0,0.0,0.0,0.0,0.0,0.0,,,,,,,,,,,,,1,0.7856,0.0308,2.24,FACING_CAMERA,FACING_CAMERA,FACING_CAMERA,0.8261,1
1,C:\Users\homec\OneDrive\圖片\貓咪圖像資料集\1_貓咪姿勢影片分類\未被選擇的模型影片\lick\lick_104.mp4,0,1,24.0,24.0,24,24,24,1.0,892.0,267.0,884.5,246.25,22.063828,0.03958085,1180.7689,1106.7117,0.923197,1.0,NO_TARGET,,,NO_TARGET,,0,,0,0,0,0,0,0,0,0,0,0,0.0,0.0,0.0,0.0,0.0,0.0,,,,,,,,,,,,,1,0.7847,0.0304,2.22,FACING_CAMERA,FACING_CAMERA,FACING_CAMERA,0.8333,1
1,C:\Users\homec\OneDrive\圖片\貓咪圖像資料集\1_貓咪姿勢影片分類\未被選擇的模型影片\lick\lick_104.mp4,0,1,24.0,24.0,25,25,25,1.041667,892.0,267.0,885.0,246.25,21.898915,0.03928752,1179.6217,1106.9678,0.9223,1.0,NO_TARGET,,,NO_TARGET,,0,,0,0,0,0,0,0,0,0,0,0,0.0,0.0,0.0,0.0,0.0,0.0,,,,,,,,,,,,,1,0.7848,0.0297,2.17,FACING_CAMERA,FACING_CAMERA,FACING_CAMERA,0.84,1
1,C:\Users\homec\OneDrive\圖片\貓咪圖像資料集\1_貓咪姿勢影片分類\未被選擇的模型影片\lick\lick_104.mp4,0,1,24.0,24.0,26,26,26,1.083333,892.0,267.0,884.5,246.0,22.299103,0.04000547,1178.1999,1107.0198,0.921188,1.0,NO_TARGET,,,NO_TARGET,,0,,0,0,0,0,0,0,0,0,0,0,0.0,0.0,0.0,0.0,0.0,0.0,,,,,,,,,,,,,1,0.7839,0.0292,2.13,FACING_CAMERA,FACING_CAMERA,FACING_CAMERA,0.8462,1
1,C:\Users\homec\OneDrive\圖片\貓咪圖像資料集\1_貓咪姿勢影片分類\未被選擇的模型影片\lick\lick_104.mp4,0,1,24.0,24.0,27,27,27,1.125,892.5,265.5,884.5,245.0,22.005681,0.03947654,1176.5971,1106.1761,0.919935,1.0,NO_TARGET,,,NO_TARGET,,0,,0,0,0,0,0,0,0,0,0,0,0.0,0.0,0.0,0.0,0.0,0.0,,,,,,,,,,,,,1,0.7847,0.0304,2.22,FACING_CAMERA,FACING_CAMERA,FACING_CAMERA,0.8519,1
1,C:\Users\homec\OneDrive\圖片\貓咪圖像資料集\1_貓咪姿勢影片分類\未被選擇的模型影片\lick\lick_104.mp4,0,1,24.0,24.0,28,28,28,1.166667,893.0,265.5,885.0,244.25,22.706001,0.04073022,1175.4846,1106.1223,0.919065,1.0,NO_TARGET,,,NO_TARGET,,0,,0,0,0,0,0,0,0,0,0,0,0.0,0.0,0.0,0.0,0.0,0.0,,,,,,,,,,,,,1,0.7845,0.0324,2.37,FACING_CAMERA,FACING_CAMERA,FACING_CAMERA,0.8571,1
1,C:\Users\homec\OneDrive\圖片\貓咪圖像資料集\1_貓咪姿勢影片分類\未被選擇的模型影片\lick\lick_104.mp4,0,1,24.0,24.0,29,29,29,1.208333,894.0,265.25,884.5,243.5,23.734205,0.04253795,1171.6377,1106.7675,0.916058,1.0,NO_TARGET,,,NO_TARGET,,0,,0,0,0,0,0,0,0,0,0,0,0.0,0.0,0.0,0.0,0.0,0.0,,,,,,,,,,,,,1,0.7834,0.0322,2.35,FACING_CAMERA,FACING_CAMERA,FACING_CAMERA,0.8621,1
1,C:\Users\homec\OneDrive\圖片\貓咪圖像資料集\1_貓咪姿勢影片分類\未被選擇的模型影片\lick\lick_104.mp4,0,1,24.0,24.0,30,30,30,1.25,894.5,265.0,884.0,243.0,24.377243,0.04369325,1168.2126,1107.2973,0.91338,1.0,NO_TARGET,,,NO_TARGET,,0,,0,0,0,0,0,0,0,0,0,0,0.0,0.0,0.0,0.0,0.0,0.0,,,,,,,,,,,,,1,0.7835,0.0306,2.24,FACING_CAMERA,FACING_CAMERA,FACING_CAMERA,0.8667,1
1,C:\Users\homec\OneDrive\圖片\貓咪圖像資料集\1_貓咪姿勢影片分類\未被選擇的模型影片\lick\lick_104.mp4,0,1,24.0,24.0,31,31,31,1.291667,893.0,264.25,882.0,242.5,24.373397,0.04370449,1177.3675,1102.8064,0.920538,1.0,NO_TARGET,,,NO_TARGET,,0,,0,0,0,0,0,0,0,0,0,0,0.0,0.0,0.0,0.0,0.0,0.0,,,,,,,,,,,,,1,0.7863,0.0314,2.28,FACING_CAMERA,FACING_CAMERA,FACING_CAMERA,0.8667,1
1,C:\Users\homec\OneDrive\圖片\貓咪圖像資料集\1_貓咪姿勢影片分類\未被選擇的模型影片\lick\lick_104.mp4,0,1,24.0,24.0,32,32,32,1.333333,893.0,264.75,882.0,242.25,25.04496,0.04492732,1172.2643,1103.2967,0.916548,1.0,NO_TARGET,,,NO_TARGET,,0,,0,0,0,0,0,0,0,0,0,0,0.0,0.0,0.0,0.0,0.0,0.0,,,,,,,,,,,,,1,0.7864,0.0315,2.3,FACING_CAMERA,FACING_CAMERA,FACING_CAMERA,0.8667,1
1,C:\Users\homec\OneDrive\圖片\貓咪圖像資料集\1_貓咪姿勢影片分類\未被選擇的模型影片\lick\lick_104.mp4,0,1,24.0,24.0,33,33,33,1.375,891.0,264.5,881.0,242.25,24.393903,0.04375941,1172.4726,1101.6025,0.91671,1.0,NO_TARGET,,,NO_TARGET,,0,,0,0,0,0,0,0,0,0,0,0,0.0,0.0,0.0,0.0,0.0,0.0,,,,,,,,,,,,,1,0.7855,0.0315,2.29,FACING_CAMERA,FACING_CAMERA,FACING_CAMERA,0.9,1
1,C:\Users\homec\OneDrive\圖片\貓咪圖像資料集\1_貓咪姿勢影片分類\未被選擇的模型影片\lick\lick_104.mp4,0,1,24.0,24.0,34,34,34,1.416667,890.0,264.0,880.5,242.25,23.734205,0.04257462,1172.4135,1100.4804,0.916664,1.0,NO_TARGET,,,NO_TARGET,,0,,0,0,0,0,0,0,0,0,0,0,0.0,0.0,0.0,0.0,0.0,0.0,,,,,,,,,,,,,1,0.7864,0.0317,2.3,FACING_CAMERA,FACING_CAMERA,FACING_CAMERA,0.9333,1
1,C:\Users\homec\OneDrive\圖片\貓咪圖像資料集\1_貓咪姿勢影片分類\未被選擇的模型影片\lick\lick_104.mp4,0,1,24.0,24.0,35,35,35,1.458333,888.0,262.0,878.0,241.0,23.259407,0.04172696,1167.6224,1099.4375,0.912918,1.0,NO_TARGET,,,NO_TARGET,,0,,0,0,0,0,0,0,0,0,0,0,0.0,0.0,0.0,0.0,0.0,0.0,,,,,,,,,,,,,1,0.7846,0.0316,2.31,FACING_CAMERA,FACING_CAMERA,FACING_CAMERA,0.9667,1
1,C:\Users\homec\OneDrive\圖片\貓咪圖像資料集\1_貓咪姿勢影片分類\未被選擇的模型影片\lick\lick_104.mp4,0,1,24.0,24.0,36,36,36,1.5,887.0,260.5,877.5,240.25,22.367666,0.0401272,1170.159,1097.1228,0.914902,1.0,NO_TARGET,,,NO_TARGET,,0,,0,0,0,0,0,0,0,0,0,0,0.0,0.0,0.0,0.0,0.0,0.0,,,,,,,,,,,,,1,0.7855,0.0321,2.34,FACING_CAMERA,FACING_CAMERA,FACING_CAMERA,1.0,1
1,C:\Users\homec\OneDrive\圖片\貓咪圖像資料集\1_貓咪姿勢影片分類\未被選擇的模型影片\lick\lick_104.mp4,0,1,24.0,24.0,37,37,37,1.541667,886.0,259.25,877.0,240.25,21.023796,0.0376826,1173.587,1095.032,0.917582,1.0,NO_TARGET,,,NO_TARGET,,0,,0,0,0,0,0,0,0,0,0,0,0.0,0.0,0.0,0.0,0.0,0.0,,,,,,,,,,,,,1,0.7852,0.0325,2.37,FACING_CAMERA,FACING_CAMERA,FACING_CAMERA,1.0,1
1,C:\Users\homec\OneDrive\圖片\貓咪圖像資料集\1_貓咪姿勢影片分類\未被選擇的模型影片\lick\lick_104.mp4,0,1,24.0,24.0,38,38,38,1.583333,885.5,259.0,876.0,240.25,21.019336,0.03777591,1172.5643,1094.7014,0.916782,1.0,NO_TARGET,,,NO_TARGET,,0,,0,0,0,0,0,0,0,0,0,0,0.0,0.0,0.0,0.0,0.0,0.0,,,,,,,,,,,,,1,0.7878,0.0323,2.35,FACING_CAMERA,FACING_CAMERA,FACING_CAMERA,1.0,1
1,C:\Users\homec\OneDrive\圖片\貓咪圖像資料集\1_貓咪姿勢影片分類\未被選擇的模型影片\lick\lick_104.mp4,0,1,24.0,24.0,39,39,39,1.625,886.0,258.75,875.5,239.5,21.927437,0.03947999,1172.5643,1094.2014,0.916782,1.0,NO_TARGET,,,NO_TARGET,,0,,0,0,0,0,0,0,0,0,0,0,0.0,0.0,0.0,0.0,0.0,0.0,,,,,,,,,,,,,1,0.7901,0.032,2.32,FACING_CAMERA,FACING_CAMERA,FACING_CAMERA,1.0,1
1,C:\Users\homec\OneDrive\圖片\貓咪圖像資料集\1_貓咪姿勢影片分類\未被選擇的模型影片\lick\lick_104.mp4,0,1,24.0,24.0,40,40,40,1.666667,886.0,258.0,875.0,238.75,22.171209,0.03984606,1172.712,1093.2809,0.916898,1.0,NO_TARGET,,,NO_TARGET,,0,,0,0,0,0,0,0,0,0,0,0,0.0,0.0,0.0,0.0,0.0,0.0,,,,,,,,,,,,,1,0.7877,0.0328,2.38,FACING_CAMERA,FACING_CAMERA,FACING_CAMERA,1.0,1
1,C:\Users\homec\OneDrive\圖片\貓咪圖像資料集\1_貓咪姿勢影片分類\未被選擇的模型影片\lick\lick_104.mp4,0,1,24.0,24.0,41,41,41,1.708333,887.0,258.25,875.5,238.25,23.070544,0.04146101,1167.3947,1094.8232,0.91274,1.0,NO_TARGET,,,NO_TARGET,,0,,0,0,0,0,0,0,0,0,0,0,0.0,0.0,0.0,0.0,0.0,0.0,,,,,,,,,,,,,1,0.7867,0.0342,2.49,FACING_CAMERA,FACING_CAMERA,FACING_CAMERA,1.0,1
1,C:\Users\homec\OneDrive\圖片\貓咪圖像資料集\1_貓咪姿勢影片分類\未被選擇的模型影片\lick\lick_104.mp4,0,1,24.0,24.0,42,42,42,1.75,888.0,257.5,874.5,237.5,24.129857,0.04326499,1161.5002,1095.6646,0.908132,1.0,NO_TARGET,,,NO_TARGET,,0,,0,0,0,0,0,0,0,0,0,0,0.0,0.0,0.0,0.0,0.0,0.0,,,,,,,,,,,,,1,0.7824,0.0349,2.56,FACING_CAMERA,FACING_CAMERA,FACING_CAMERA,1.0,1
1,C:\Users\homec\OneDrive\圖片\貓咪圖像資料集\1_貓咪姿勢影片分類\未被選擇的模型影片\lick\lick_104.mp4,0,1,24.0,24.0,43,43,43,1.791667,889.0,255.75,873.0,235.0,26.202338,0.04704406,1147.1044,1097.6484,0.896876,1.0,NO_TARGET,,,NO_TARGET,,0,,0,0,0,0,0,0,0,0,0,0,0.0,0.0,0.0,0.0,0.0,0.0,,,,,,,,,,,,,1,0.7802,0.0335,2.46,FACING_CAMERA,FACING_CAMERA,FACING_CAMERA,1.0,1
2,C:\Users\homec\OneDrive\圖片\貓咪圖像資料集\1_貓咪姿勢影片分類\未被選擇的模型影片\lick\lick_107.mp4,0,1,24.0,24.0,1,1,1,0.041667,418.25,127.0,249.25,76.625,176.348067,0.37373155,108.3435,822.3504,0.08471,1.0,NO_TARGET,,,NO_TARGET,,0,,0,0,0,0,0,0,0,0,0,0,0.0,0.0,0.0,0.0,0.0,0.0,,,,,,,,,,,,,1,0.7232,-0.066,-5.21,FRONT_LEFT,FACING_CAMERA,FACING_CAMERA,1.0,1
2,C:\Users\homec\OneDrive\圖片\貓咪圖像資料集\1_貓咪姿勢影片分類\未被選擇的模型影片\lick\lick_107.mp4,0,1,24.0,24.0,2,2,2,0.083333,418.25,126.875,250.5,75.5,175.44074,0.37162643,104.9529,820.8454,0.082059,1.0,NO_TARGET,,,NO_TARGET,,0,,0,0,0,0,0,0,0,0,0,0,0.0,0.0,0.0,0.0,0.0,0.0,,,,,,,,,,,,,1,0.7229,-0.0675,-5.33,FRONT_LEFT,FACING_CAMERA,FACING_CAMERA,1.0,1
2,C:\Users\homec\OneDrive\圖片\貓咪圖像資料集\1_貓咪姿勢影片分類\未被選擇的模型影片\lick\lick_107.mp4,0,1,24.0,24.0,3,3,3,0.125,418.5,126.5,252.75,73.25,174.093725,0.36855397,99.0772,817.6953,0.077465,1.0,NO_TARGET,,,NO_TARGET,,0,,0,0,0,0,0,0,0,0,0,0,0.0,0.0,0.0,0.0,0.0,0.0,,,,,,,,,,,,,1,0.7219,-0.0701,-5.54,FRONT_LEFT,FACING_CAMERA,FACING_CAMERA,1.0,1
2,C:\Users\homec\OneDrive\圖片\貓咪圖像資料集\1_貓咪姿勢影片分類\未被選擇的模型影片\lick\lick_107.mp4,0,1,24.0,24.0,4,4,4,0.166667,418.25,125.25,254.25,71.0,172.739869,0.36501018,92.0545,814.8623,0.071974,1.0,NO_TARGET,,,NO_TARGET,,0,,0,0,0,0,0,0,0,0,0,0,0.0,0.0,0.0,0.0,0.0,0.0,,,,,,,,,,,,,1,0.7216,-0.0737,-5.83,FRONT_LEFT,FACING_CAMERA,FACING_CAMERA,1.0,1
2,C:\Users\homec\OneDrive\圖片\貓咪圖像資料集\1_貓咪姿勢影片分類\未被選擇的模型影片\lick\lick_107.mp4,0,1,24.0,24.0,5,5,5,0.208333,417.5,123.25,255.0,69.0,171.31641,0.36129452,90.5229,813.9068,0.070776,1.0,NO_TARGET,,,NO_TARGET,,0,,0,0,0,0,0,0,0,0,0,0,0.0,0.0,0.0,0.0,0.0,0.0,,,,,,,,,,,,,1,0.7203,-0.0764,-6.05,FRONT_LEFT,FACING_CAMERA,FACING_CAMERA,1.0,1
2,C:\Users\homec\OneDrive\圖片\貓咪圖像資料集\1_貓咪姿勢影片分類\未被選擇的模型影片\lick\lick_107.mp4,0,1,24.0,24.0,6,6,6,0.25,418.5,120.25,256.5,67.25,170.449406,0.3597268,87.5747,809.4984,0.068471,1.0,NO_TARGET,,,NO_TARGET,,0,,0,0,0,0,0,0,0,0,0,0,0.0,0.0,0.0,0.0,0.0,0.0,,,,,,,,,,,,,1,0.7191,-0.0796,-6.32,FRONT_LEFT,FACING_CAMERA,FACING_CAMERA,1.0,1
2,C:\Users\homec\OneDrive\圖片\貓咪圖像資料集\1_貓咪姿勢影片分類\未被選擇的模型影片\lick\lick_107.mp4,0,1,24.0,24.0,7,7,7,0.291667,420.75,118.0,257.25,66.0,171.569957,0.36148776,84.1088,807.3398,0.065761,1.0,NO_TARGET,,,NO_TARGET,,0,,0,0,0,0,0,0,0,0,0,0,0.0,0.0,0.0,0.0,0.0,0.0,,,,,,,,,,,,,1,0.7154,-0.084,-6.69,FRONT_LEFT,FACING_CAMERA,FACING_CAMERA,1.0,1
2,C:\Users\homec\OneDrive\圖片\貓咪圖像資料集\1_貓咪姿勢影片分類\未被選擇的模型影片\lick\lick_107.mp4,0,1,24.0,24.0,8,8,8,0.333333,421.25,116.0,257.75,65.0,171.269524,0.36046602,93.8416,809.9282,0.073371,1.0,NO_TARGET,,,NO_TARGET,,0,,0,0,0,0,0,0,0,0,0,0,0.0,0.0,0.0,0.0,0.0,0.0,,,,,,,,,,,,,1,0.7095,-0.0827,-6.64,FRONT_LEFT,FACING_CAMERA,FACING_CAMERA,1.0,1
3,C:\Users\homec\OneDrive\圖片\貓咪圖像資料集\1_貓咪姿勢影片分類\未被選擇的模型影片\lick\lick_108.mp4,0,1,24.0,24.0,1,1,1,0.041667,1052.0,57.5,887.0,54.25,165.032004,0.29019397,858.133,958.9468,0.670941,1.0,NO_TARGET,,,NO_TARGET,,0,,0,0,0,0,0,0,0,0,0,0,0.0,0.0,0.0,0.0,0.0,0.0,,,,,,,,,,,,,1,0.4731,0.1755,20.36,FRONT_RIGHT,FRONT_RIGHT,FRONT_RIGHT,1.0,1
3,C:\Users\homec\OneDrive\圖片\貓咪圖像資料集\1_貓咪姿勢影片分類\未被選擇的模型影片\lick\lick_108.mp4,0,1,24.0,24.0,2,2,2,0.083333,1051.0,57.0,886.0,54.0,165.02727,0.29005857,857.5164,959.0206,0.670458,1.0,NO_TARGET,,,NO_TARGET,,0,,0,0,0,0,0,0,0,0,0,0,0.0,0.0,0.0,0.0,0.0,0.0,,,,,,,,,,,,,1,0.4714,0.1753,20.4,FRONT_RIGHT,FRONT_RIGHT,FRONT_RIGHT,1.0,1
3,C:\Users\homec\OneDrive\圖片\貓咪圖像資料集\1_貓咪姿勢影片分類\未被選擇的模型影片\lick\lick_108.mp4,0,1,24.0,24.0,3,3,3,0.125,1050.0,56.5,884.0,54.0,166.018824,0.29129113,859.3838,960.7837,0.671919,1.0,NO_TARGET,,,NO_TARGET,,0,,0,0,0,0,0,0,0,0,0,0,0.0,0.0,0.0,0.0,0.0,0.0,,,,,,,,,,,,,1,0.4681,0.1732,20.31,FRONT_RIGHT,FRONT_RIGHT,FRONT_RIGHT,1.0,1
3,C:\Users\homec\OneDrive\圖片\貓咪圖像資料集\1_貓咪姿勢影片分類\未被選擇的模型影片\lick\lick_108.mp4,0,1,24.0,24.0,4,4,4,0.166667,1047.0,57.0,882.0,54.25,165.022915,0.28944836,848.124,960.3776,0.663115,1.0,NO_TARGET,,,NO_TARGET,,0,,0,0,0,0,0,0,0,0,0,0,0.0,0.0,0.0,0.0,0.0,0.0,,,,,,,,,,,,,1,0.4614,0.1715,20.39,FRONT_RIGHT,FRONT_RIGHT,FRONT_RIGHT,1.0,1
3,C:\Users\homec\OneDrive\圖片\貓咪圖像資料集\1_貓咪姿勢影片分類\未被選擇的模型影片\lick\lick_108.mp4,0,1,24.0,24.0,5,5,5,0.208333,1043.0,57.0,880.0,53.75,163.032397,0.28597725,850.1204,960.6912,0.664676,1.0,NO_TARGET,,,NO_TARGET,,0,,0,0,0,0,0,0,0,0,0,0,0.0,0.0,0.0,0.0,0.0,0.0,,,,,,,,,,,,,1,0.4588,0.1733,20.7,FRONT_RIGHT,FRONT_RIGHT,FRONT_RIGHT,1.0,1
3,C:\Users\homec\OneDrive\圖片\貓咪圖像資料集\1_貓咪姿勢影片分類\未被選擇的模型影片\lick\lick_108.mp4,0,1,24.0,24.0,6,6,6,0.25,1040.0,57.25,877.0,54.0,163.032397,0.28584222,835.2633,959.8384,0.65306,1.0,NO_TARGET,,,NO_TARGET,,0,,0,0,0,0,0,0,0,0,0,0,0.0,0.0,0.0,0.0,0.0,0.0,,,,,,,,,,,,,1,0.4507,0.1739,21.1,FRONT_RIGHT,FRONT_RIGHT,FRONT_RIGHT,1.0,1
4,C:\Users\homec\OneDrive\圖片\貓咪圖像資料集\1_貓咪姿勢影片分類\未被選擇的模型影片\lick\lick_109.mp4,0,1,24.0,24.0,1,1,1,0.041667,233.25,223.375,154.0,384.0,179.111566,0.38546158,525.9032,968.7713,0.411183,1.0,NO_TARGET,,,NO_TARGET,,0,,0,0,0,0,0,0,0,0,0,0,0.0,0.0,0.0,0.0,0.0,0.0,,,,,,,,,,,,,1,0.8955,-0.0441,-2.82,FACING_CAMERA,FACING_CAMERA,FACING_CAMERA,1.0,1
4,C:\Users\homec\OneDrive\圖片\貓咪圖像資料集\1_貓咪姿勢影片分類\未被選擇的模型影片\lick\lick_109.mp4,0,1,24.0,24.0,2,2,2,0.083333,232.75,212.875,151.0,370.75,177.785202,0.37400269,392.24,1025.5189,0.306677,1.0,NO_TARGET,,,NO_TARGET,,0,,0,0,0,0,0,0,0,0,0,0,0.0,0.0,0.0,0.0,0.0,0.0,,,,,,,,,,,,,1,0.8979,-0.0599,-3.81,FACING_CAMERA,FACING_CAMERA,FACING_CAMERA,1.0,1
4,C:\Users\homec\OneDrive\圖片\貓咪圖像資料集\1_貓咪姿勢影片分類\未被選擇的模型影片\lick\lick_109.mp4,0,1,24.0,24.0,3,3,3,0.125,227.75,210.375,151.0,363.25,171.059429,0.3549466,344.4152,1042.153,0.269285,1.0,NO_TARGET,,,NO_TARGET,,0,,0,0,0,0,0,0,0,0,0,0,0.0,0.0,0.0,0.0,0.0,0.0,,,,,,,,,,,,,1,0.8926,-0.0729,-4.67,FRONT_LEFT,FACING_CAMERA,FACING_CAMERA,1.0,1
5,C:\Users\homec\OneDrive\圖片\貓咪圖像資料集\1_貓咪姿勢影片分類\未被選擇的模型影片\lick\lick_11.mp4,0,1,24.0,24.0,1,1,1,0.041667,561.5,225.25,446.75,230.125,114.853507,0.46352519,574.3893,617.8635,0.449092,0.859337,NO_TARGET,,,NO_TARGET,,0,,0,0,0,0,0,0,0,0,0,0,0.0,0.0,0.0,0.0,0.0,0.0,,,,,,,,,,,,,1,0.3057,-0.2366,-37.74,FRONT_LEFT,FACING_CAMERA,FACING_CAMERA,1.0,1
5,C:\Users\homec\OneDrive\圖片\貓咪圖像資料集\1_貓咪姿勢影片分類\未被選擇的模型影片\lick\lick_11.mp4,0,1,24.0,24.0,2,2,2,0.083333,562.0,225.25,447.0,230.25,115.108644,0.46441188,573.472,618.2805,0.448375,0.859917,NO_TARGET,,,NO_TARGET,,0,,0,0,0,0,0,0,0,0,0,0,0.0,0.0,0.0,0.0,0.0,0.0,,,,,,,,,,,,,1,0.3052,-0.2373,-37.86,FRONT_LEFT,FACING_CAMERA,FACING_CAMERA,1.0,1
5,C:\Users\homec\OneDrive\圖片\貓咪圖像資料集\1_貓咪姿勢影片分類\未被選擇的模型影片\lick\lick_11.mp4,0,1,24.0,24.0,3,3,3,0.125,562.0,225.25,447.0,230.125,115.103282,0.46483665,573.3659,617.85,0.448292,0.859318,NO_TARGET,,,NO_TARGET,,0,,0,0,0,0,0,0,0,0,0,0,0.0,0.0,0.0,0.0,0.0,0.0,,,,,,,,,,,,,1,0.3059,-0.2377,-37.85,FRONT_LEFT,FACING_CAMERA,FACING_CAMERA,1.0,1
5,C:\Users\homec\OneDrive\圖片\貓咪圖像資料集\1_貓咪姿勢影片分類\未被選擇的模型影片\lick\lick_11.mp4,0,1,24.0,24.0,4,4,4,0.166667,562.0,225.25,447.0,230.25,115.108644,0.46441188,573.472,618.2805,0.448375,0.859917,NO_TARGET,,,NO_TARGET,,0,,0,0,0,0,0,0,0,0,0,0,0.0,0.0,0.0,0.0,0.0,0.0,,,,,,,,,,,,,1,0.3052,-0.2373,-37.86,FRONT_LEFT,FACING_CAMERA,FACING_CAMERA,1.0,1
5,C:\Users\homec\OneDrive\圖片\貓咪圖像資料集\1_貓咪姿勢影片分類\未被選擇的模型影片\lick\lick_11.mp4,0,1,24.0,24.0,5,5,5,0.208333,562.0,225.125,447.0,230.25,115.114142,0.46471971,573.3897,617.985,0.448311,0.859506,NO_TARGET,,,NO_TARGET,,0,,0,0,0,0,0,0,0,0,0,0,0.0,0.0,0.0,0.0,0.0,0.0,,,,,,,,,,,,,1,0.3062,-0.2359,-37.61,FRONT_LEFT,FACING_CAMERA,FACING_CAMERA,1.0,1
5,C:\Users\homec\OneDrive\圖片\貓咪圖像資料集\1_貓咪姿勢影片分類\未被選擇的模型影片\lick\lick_11.mp4,0,1,24.0,24.0,6,6,6,0.25,561.5,225.0,446.75,230.25,114.870035,0.46462769,574.1921,616.9385,0.448938,0.858051,NO_TARGET,,,NO_TARGET,,0,,0,0,0,0,0,0,0,0,0,0,0.0,0.0,0.0,0.0,0.0,0.0,,,,,,,,,,,,,1,0.3053,-0.2372,-37.84,FRONT_LEFT,FACING_CAMERA,FACING_CAMERA,1.0,1
5,C:\Users\homec\OneDrive\圖片\貓咪圖像資料集\1_貓咪姿勢影片分類\未被選擇的模型影片\lick\lick_11.mp4,0,1,24.0,24.0,7,7,7,0.291667,561.0,225.0,446.5,230.25,114.620297,0.46376007,575.4731,616.5132,0.44994,0.857459,NO_TARGET,,,NO_TARGET,,0,,0,0,0,0,0,0,0,0,0,0,0.0,0.0,0.0,0.0,0.0,0.0,,,,,,,,,,,,,1,0.3049,-0.2393,-38.13,FRONT_LEFT,FACING_CAMERA,FACING_CAMERA,1.0,1
5,C:\Users\homec\OneDrive\圖片\貓咪圖像資料集\1_貓咪姿勢影片分類\未被選擇的模型影片\lick\lick_11.mp4,0,1,24.0,24.0,8,8,8,0.333333,561.0,225.0,446.0,230.25,115.119775,0.46502674,572.4672,617.6627,0.44759,0.859058,NO_TARGET,,,NO_TARGET,,0,,0,0,0,0,0,0,0,0,0,0,0.0,0.0,0.0,0.0,0.0,0.0,,,,,,,,,,,,,1,0.3097,-0.2395,-37.72,FRONT_LEFT,FACING_CAMERA,FACING_CAMERA,1.0,1
5,C:\Users\homec\OneDrive\圖片\貓咪圖像資料集\1_貓咪姿勢影片分類\未被選擇的模型影片\lick\lick_11.mp4,0,1,24.0,24.0,9,9,9,0.375,561.0,224.875,445.75,230.375,115.381162,0.46532796,573.068,618.1863,0.448059,0.859786,NO_TARGET,,,NO_TARGET,,0,,0,0,0,0,0,0,0,0,0,0,0.0,0.0,0.0,0.0,0.0,0.0,,,,,,,,,,,,,1,0.3082,-0.2398,-37.89,FRONT_LEFT,FACING_CAMERA,FACING_CAMERA,1.0,1
5,C:\Users\homec\OneDrive\圖片\貓咪圖像資料集\1_貓咪姿勢影片分類\未被選擇的模型影片\lick\lick_11.mp4,0,1,24.0,24.0,10,10,10,0.416667,561.0,224.875,445.75,230.25,115.375271,0.46544498,573.0065,618.0128,0.448011,0.859545,NO_TARGET,,,NO_TARGET,,0,,0,0,0,0,0,0,0,0,0,0,0.0,0.0,0.0,0.0,0.0,0.0,,,,,,,,,,,,,1,0.3084,-0.24,-37.9,FRONT_LEFT,FACING_CAMERA,FACING_CAMERA,1.0,1
5,C:\Users\homec\OneDrive\圖片\貓咪圖像資料集\1_貓咪姿勢影片分類\未被選擇的模型影片\lick\lick_11.mp4,0,1,24.0,24.0,11,11,11,0.458333,561.0,224.75,446.0,230.25,115.131447,0.46432087,572.6404,618.0498,0.447725,0.859596,NO_TARGET,,,NO_TARGET,,0,,0,0,0,0,0,0,0,0,0,0,0.0,0.0,0.0,0.0,0.0,0.0,,,,,,,,,,,,,1,0.3082,-0.2398,-37.89,FRONT_LEFT,FACING_CAMERA,FACING_CAMERA,1.0,1
5,C:\Users\homec\OneDrive\圖片\貓咪圖像資料集\1_貓咪姿勢影片分類\未被選擇的模型影片\lick\lick_11.mp4,0,1,24.0,24.0,12,12,12,0.5,561.0,224.75,446.5,230.0,114.620297,0.46329079,571.7656,618.2318,0.447041,0.85985,NO_TARGET,,,NO_TARGET,,0,,0,0,0,0,0,0,0,0,0,0,0.0,0.0,0.0,0.0,0.0,0.0,,,,,,,,,,,,,1,0.3081,-0.2394,-37.85,FRONT_LEFT,FACING_CAMERA,FACING_CAMERA,1.0,1
