編號,檔名
1,11_mp4-0000_jpg.rf.bd81e861479f1f504cd4bada1af5134d.jpg
2,12_mp4-0001_jpg.rf.5cd21dccc1b4e4417d5a3b30d1d8732f.jpg
3,2_mp4-0000_jpg.rf.7066818bbcf94db01874bf8bb2cf6eae.jpg
4,2_mp4-0001_jpg.rf.70174399d34c5d3279c8b5c820c0a1ec.jpg
5,3-40-_png.rf.66ef104368274100aa317444f337c7c9.jpg
6,4_mp4-0005_jpg.rf.2c75ee0795cee1703846069c84ce5805.jpg
7,4_mp4-0006_jpg.rf.06cbb88505b4fe31bdfaf9f9f4c38313.jpg
8,52457-12-_mp4-0036_jpg.rf.4779f80187f0577d62bed09d26772d20.jpg
9,5_mp4-0002_jpg.rf.d3e9a494e26e2a198e68646c96ae2535.jpg
10,5_mp4-0006_jpg.rf.76bd75fcd681d823a954686e0e861ee4.jpg
11,6_mp4-0000_jpg.rf.352ececabba9dc1f1247c790cd86bd13.jpg
12,6_mp4-0000_jpg.rf.96af80258e9ce08fec72142850b66024.jpg
13,7_mp4-0000_jpg.rf.5f1297fcfd7bb69c76aca0d41adfa9a0.jpg
14,7_mp4-0002_jpg.rf.b4d4d3abe075e2244d9078d66e4452d6.jpg
15,7_mp4-0018_jpg.rf.05999c95126309954aea64283987d3ae.jpg
16,8_mp4-0000_jpg.rf.6c947550158dc530732b4223dfb82a70.jpg
17,GettyImages-948947216_mov-0019_jpg.rf.b2c03265101cd9ccb4a075b62b7d8638.jpg
18,The_video_duration_must_be_exa-3-_mp4-0003_jpg.rf.25db45cc9a607690a7324c653de38d9f.jpg
19,c_c_e_d_c_c_b_a_e_d_mp__mp4-0000_jpg.rf.ab23107b28305192d47c1ebaa9e585e9.jpg
20,cat-sleep-front-door_jpg.rf.a7c6063239e7e88877bd9aaefe6e92e3.jpg
21,cat-standing-against-white-background_jpg.rf.e614e34f64f2480a7892e9883133638f.jpg
22,cat_scratch_neckmp__mp4-0000_jpg.rf.04aec6666b4ea544b19b291bf0fe8af0.jpg
23,cat_scratch_neckmp__mp4-0007_jpg.rf.9a04e909cd9ad25aeb915d249dd5a2bb.jpg
24,ginger-cat-is-standing-green-branches_jpg.rf.955eb224a481900d1dc9a8e16f01c8c5.jpg
25,lick-1_png.rf.02b53b05523087a1d400e56c69568542.jpg
26,lick16-2_png.rf.630ddeaab31501ac1b6760ef90829097.jpg
